{
  "id": "goblin-with-a-fat-ass-csb",
  "title": "Goblin With A Fat Ass (CSB)",
  "version": "1.0.0",
  "compatibility": {
    "minimum": "12",
    "verified": "12"
  },
  "relationships": {
    "systems": [
      {
        "id": "custom-system-builder",
        "type": "system",
        "compatibility": {}
      }
    ],
    "recommends": [
      {
        "id": "custom-css",
        "type": "module",
        "compatibility": {}
      }
    ]
  },
  "description": "A fan made character sheet template for \"Goblin With A Fat Ass\"",
  "authors": [
    {
      "name": "kiwi",
      "flags": {}
    }
  ],
  "url": "https://github.com/kiwi64613/goblinwithafatass-foundryvtt-csb/tree/main",
  "packs": [
    {
      "name": "charactersgwafa",
      "label": "Characters_GWAFA",
      "path": "packs/charactersgwafa",
      "type": "Actor",
      "ownership": {
        "PLAYER": "OBSERVER",
        "ASSISTANT": "OWNER"
      },
      "system": "custom-system-builder",
      "flags": {}
    },
    {
      "name": "itemsclassesgwafa",
      "label": "Items/Classes_GWAFA",
      "path": "packs/itemsclassesgwafa",
      "type": "Item",
      "ownership": {
        "PLAYER": "OBSERVER",
        "ASSISTANT": "OWNER"
      },
      "system": "custom-system-builder",
      "flags": {}
    }
  ]
}